date,mw,value
2007-01,'30+ Mw',0
2007-01,'5Mw–30Mw',0
2007-01,100kW–5MW',0
2007-01,14–25kW',20
2007-01,2.5–4.5kW',33
2007-01,25–50kW',0
2007-01,4.5–6.5kW',5
2007-01,50–100kW',0
2007-01,6.5–9.5kW',0
2007-01,9.5–14kW',10
2007-01,<2.5kW',96
2007-02,'30+ Mw',0
2007-02,'5Mw–30Mw',0
2007-02,100kW–5MW',0
2007-02,14–25kW',20
2007-02,2.5–4.5kW',59
2007-02,25–50kW',0
2007-02,4.5–6.5kW',15
2007-02,50–100kW',0
2007-02,6.5–9.5kW',15
2007-02,9.5–14kW',10
2007-02,<2.5kW',228
2007-03,'30+ Mw',0
2007-03,'5Mw–30Mw',0
2007-03,100kW–5MW',0
2007-03,14–25kW',20
2007-03,2.5–4.5kW',85
2007-03,25–50kW',0
2007-03,4.5–6.5kW',30
2007-03,50–100kW',0
2007-03,6.5–9.5kW',37
2007-03,9.5–14kW',21
2007-03,<2.5kW',384
2007-04,'30+ Mw',0
2007-04,'5Mw–30Mw',0
2007-04,100kW–5MW',0
2007-04,14–25kW',20
2007-04,2.5–4.5kW',123
2007-04,25–50kW',0
2007-04,4.5–6.5kW',46
2007-04,50–100kW',0
2007-04,6.5–9.5kW',57
2007-04,9.5–14kW',32
2007-04,<2.5kW',507
2007-05,'30+ Mw',0
2007-05,'5Mw–30Mw',0
2007-05,100kW–5MW',0
2007-05,14–25kW',20
2007-05,2.5–4.5kW',147
2007-05,25–50kW',0
2007-05,4.5–6.5kW',77
2007-05,50–100kW',0
2007-05,6.5–9.5kW',57
2007-05,9.5–14kW',32
2007-05,<2.5kW',620
2007-06,'30+ Mw',0
2007-06,'5Mw–30Mw',0
2007-06,100kW–5MW',0
2007-06,14–25kW',20
2007-06,2.5–4.5kW',217
2007-06,25–50kW',0
2007-06,4.5–6.5kW',98
2007-06,50–100kW',0
2007-06,6.5–9.5kW',72
2007-06,9.5–14kW',32
2007-06,<2.5kW',815
2007-07,'30+ Mw',0
2007-07,'5Mw–30Mw',0
2007-07,100kW–5MW',0
2007-07,14–25kW',58
2007-07,2.5–4.5kW',282
2007-07,25–50kW',0
2007-07,4.5–6.5kW',108
2007-07,50–100kW',0
2007-07,6.5–9.5kW',81
2007-07,9.5–14kW',32
2007-07,<2.5kW',1152
2007-08,'30+ Mw',0
2007-08,'5Mw–30Mw',0
2007-08,100kW–5MW',0
2007-08,14–25kW',58
2007-08,2.5–4.5kW',396
2007-08,25–50kW',0
2007-08,4.5–6.5kW',135
2007-08,50–100kW',0
2007-08,6.5–9.5kW',81
2007-08,9.5–14kW',43
2007-08,<2.5kW',1569
2007-09,'30+ Mw',0
2007-09,'5Mw–30Mw',0
2007-09,100kW–5MW',0
2007-09,14–25kW',58
2007-09,2.5–4.5kW',545
2007-09,25–50kW',0
2007-09,4.5–6.5kW',161
2007-09,50–100kW',0
2007-09,6.5–9.5kW',89
2007-09,9.5–14kW',69
2007-09,<2.5kW',2031
2007-10,'30+ Mw',0
2007-10,'5Mw–30Mw',0
2007-10,100kW–5MW',0
2007-10,14–25kW',94
2007-10,2.5–4.5kW',735
2007-10,25–50kW',0
2007-10,4.5–6.5kW',203
2007-10,50–100kW',0
2007-10,6.5–9.5kW',119
2007-10,9.5–14kW',79
2007-10,<2.5kW',2633
2007-11,'30+ Mw',0
2007-11,'5Mw–30Mw',0
2007-11,100kW–5MW',0
2007-11,14–25kW',94
2007-11,2.5–4.5kW',877
2007-11,25–50kW',32
2007-11,4.5–6.5kW',251
2007-11,50–100kW',0
2007-11,6.5–9.5kW',119
2007-11,9.5–14kW',89
2007-11,<2.5kW',3239
2007-12,'30+ Mw',0
2007-12,'5Mw–30Mw',0
2007-12,100kW–5MW',0
2007-12,14–25kW',125
2007-12,2.5–4.5kW',1055
2007-12,25–50kW',32
2007-12,4.5–6.5kW',294
2007-12,50–100kW',64
2007-12,6.5–9.5kW',158
2007-12,9.5–14kW',147
2007-12,<2.5kW',3823
2008-01,'30+ Mw',0
2008-01,'5Mw–30Mw',0
2008-01,100kW–5MW',0
2008-01,14–25kW',125
2008-01,2.5–4.5kW',1214
2008-01,25–50kW',32
2008-01,4.5–6.5kW',314
2008-01,50–100kW',163
2008-01,6.5–9.5kW',158
2008-01,9.5–14kW',147
2008-01,<2.5kW',4439
2008-02,'30+ Mw',0
2008-02,'5Mw–30Mw',0
2008-02,100kW–5MW',0
2008-02,14–25kW',125
2008-02,2.5–4.5kW',1378
2008-02,25–50kW',32
2008-02,4.5–6.5kW',345
2008-02,50–100kW',163
2008-02,6.5–9.5kW',180
2008-02,9.5–14kW',147
2008-02,<2.5kW',5184
2008-03,'30+ Mw',0
2008-03,'5Mw–30Mw',0
2008-03,100kW–5MW',0
2008-03,14–25kW',125
2008-03,2.5–4.5kW',1512
2008-03,25–50kW',32
2008-03,4.5–6.5kW',383
2008-03,50–100kW',163
2008-03,6.5–9.5kW',210
2008-03,9.5–14kW',147
2008-03,<2.5kW',5950
2008-04,'30+ Mw',0
2008-04,'5Mw–30Mw',0
2008-04,100kW–5MW',0
2008-04,14–25kW',125
2008-04,2.5–4.5kW',1687
2008-04,25–50kW',68
2008-04,4.5–6.5kW',447
2008-04,50–100kW',163
2008-04,6.5–9.5kW',254
2008-04,9.5–14kW',159
2008-04,<2.5kW',6947
2008-05,'30+ Mw',0
2008-05,'5Mw–30Mw',0
2008-05,100kW–5MW',0
2008-05,14–25kW',125
2008-05,2.5–4.5kW',1923
2008-05,25–50kW',68
2008-05,4.5–6.5kW',484
2008-05,50–100kW',163
2008-05,6.5–9.5kW',277
2008-05,9.5–14kW',170
2008-05,<2.5kW',8126
2008-06,'30+ Mw',0
2008-06,'5Mw–30Mw',0
2008-06,100kW–5MW',0
2008-06,14–25kW',140
2008-06,2.5–4.5kW',2094
2008-06,25–50kW',68
2008-06,4.5–6.5kW',533
2008-06,50–100kW',163
2008-06,6.5–9.5kW',286
2008-06,9.5–14kW',217
2008-06,<2.5kW',9148
2008-07,'30+ Mw',0
2008-07,'5Mw–30Mw',0
2008-07,100kW–5MW',0
2008-07,14–25kW',189
2008-07,2.5–4.5kW',2321
2008-07,25–50kW',68
2008-07,4.5–6.5kW',613
2008-07,50–100kW',163
2008-07,6.5–9.5kW',302
2008-07,9.5–14kW',251
2008-07,<2.5kW',10369
2008-08,'30+ Mw',0
2008-08,'5Mw–30Mw',0
2008-08,100kW–5MW',0
2008-08,14–25kW',206
2008-08,2.5–4.5kW',2533
2008-08,25–50kW',68
2008-08,4.5–6.5kW',670
2008-08,50–100kW',163
2008-08,6.5–9.5kW',324
2008-08,9.5–14kW',262
2008-08,<2.5kW',11655
2008-09,'30+ Mw',0
2008-09,'5Mw–30Mw',0
2008-09,100kW–5MW',0
2008-09,14–25kW',206
2008-09,2.5–4.5kW',2739
2008-09,25–50kW',68
2008-09,4.5–6.5kW',806
2008-09,50–100kW',163
2008-09,6.5–9.5kW',414
2008-09,9.5–14kW',272
2008-09,<2.5kW',13094
2008-10,'30+ Mw',0
2008-10,'5Mw–30Mw',0
2008-10,100kW–5MW',0
2008-10,14–25kW',222
2008-10,2.5–4.5kW',3063
2008-10,25–50kW',98
2008-10,4.5–6.5kW',906
2008-10,50–100kW',163
2008-10,6.5–9.5kW',431
2008-10,9.5–14kW',282
2008-10,<2.5kW',15086
2008-11,'30+ Mw',0
2008-11,'5Mw–30Mw',0
2008-11,100kW–5MW',0
2008-11,14–25kW',256
2008-11,2.5–4.5kW',3339
2008-11,25–50kW',98
2008-11,4.5–6.5kW',968
2008-11,50–100kW',163
2008-11,6.5–9.5kW',439
2008-11,9.5–14kW',304
2008-11,<2.5kW',17081
2008-12,'30+ Mw',0
2008-12,'5Mw–30Mw',0
2008-12,100kW–5MW',0
2008-12,14–25kW',276
2008-12,2.5–4.5kW',3719
2008-12,25–50kW',156
2008-12,4.5–6.5kW',1090
2008-12,50–100kW',163
2008-12,6.5–9.5kW',471
2008-12,9.5–14kW',352
2008-12,<2.5kW',19395
2009-01,'30+ Mw',0
2009-01,'5Mw–30Mw',0
2009-01,100kW–5MW',0
2009-01,14–25kW',292
2009-01,2.5–4.5kW',3946
2009-01,25–50kW',156
2009-01,4.5–6.5kW',1156
2009-01,50–100kW',163
2009-01,6.5–9.5kW',486
2009-01,9.5–14kW',362
2009-01,<2.5kW',21793
2009-02,'30+ Mw',0
2009-02,'5Mw–30Mw',0
2009-02,100kW–5MW',0
2009-02,14–25kW',335
2009-02,2.5–4.5kW',4248
2009-02,25–50kW',156
2009-02,4.5–6.5kW',1250
2009-02,50–100kW',163
2009-02,6.5–9.5kW',509
2009-02,9.5–14kW',362
2009-02,<2.5kW',25084
2009-03,'30+ Mw',0
2009-03,'5Mw–30Mw',0
2009-03,100kW–5MW',0
2009-03,14–25kW',350
2009-03,2.5–4.5kW',4629
2009-03,25–50kW',156
2009-03,4.5–6.5kW',1364
2009-03,50–100kW',263
2009-03,6.5–9.5kW',518
2009-03,9.5–14kW',372
2009-03,<2.5kW',29069
2009-04,'30+ Mw',0
2009-04,'5Mw–30Mw',0
2009-04,100kW–5MW',0
2009-04,14–25kW',373
2009-04,2.5–4.5kW',5009
2009-04,25–50kW',156
2009-04,4.5–6.5kW',1545
2009-04,50–100kW',263
2009-04,6.5–9.5kW',553
2009-04,9.5–14kW',420
2009-04,<2.5kW',32873
2009-05,'30+ Mw',0
2009-05,'5Mw–30Mw',0
2009-05,100kW–5MW',0
2009-05,14–25kW',387
2009-05,2.5–4.5kW',5444
2009-05,25–50kW',212
2009-05,4.5–6.5kW',1713
2009-05,50–100kW',263
2009-05,6.5–9.5kW',601
2009-05,9.5–14kW',450
2009-05,<2.5kW',37402
2009-06,'30+ Mw',0
2009-06,'5Mw–30Mw',0
2009-06,100kW–5MW',0
2009-06,14–25kW',474
2009-06,2.5–4.5kW',5821
2009-06,25–50kW',212
2009-06,4.5–6.5kW',1862
2009-06,50–100kW',263
2009-06,6.5–9.5kW',617
2009-06,9.5–14kW',483
2009-06,<2.5kW',42204
2009-07,'30+ Mw',0
2009-07,'5Mw–30Mw',0
2009-07,100kW–5MW',0
2009-07,14–25kW',514
2009-07,2.5–4.5kW',6312
2009-07,25–50kW',246
2009-07,4.5–6.5kW',2106
2009-07,50–100kW',263
2009-07,6.5–9.5kW',662
2009-07,9.5–14kW',515
2009-07,<2.5kW',47826
2009-08,'30+ Mw',0
2009-08,'5Mw–30Mw',0
2009-08,100kW–5MW',0
2009-08,14–25kW',546
2009-08,2.5–4.5kW',6998
2009-08,25–50kW',317
2009-08,4.5–6.5kW',2292
2009-08,50–100kW',263
2009-08,6.5–9.5kW',722
2009-08,9.5–14kW',611
2009-08,<2.5kW',54031
2009-09,'30+ Mw',0
2009-09,'5Mw–30Mw',0
2009-09,100kW–5MW',0
2009-09,14–25kW',649
2009-09,2.5–4.5kW',7856
2009-09,25–50kW',446
2009-09,4.5–6.5kW',2604
2009-09,50–100kW',263
2009-09,6.5–9.5kW',755
2009-09,9.5–14kW',741
2009-09,<2.5kW',61137
2009-10,'30+ Mw',0
2009-10,'5Mw–30Mw',0
2009-10,100kW–5MW',0
2009-10,14–25kW',708
2009-10,2.5–4.5kW',8921
2009-10,25–50kW',503
2009-10,4.5–6.5kW',3030
2009-10,50–100kW',263
2009-10,6.5–9.5kW',808
2009-10,9.5–14kW',784
2009-10,<2.5kW',70155
2009-11,'30+ Mw',0
2009-11,'5Mw–30Mw',0
2009-11,100kW–5MW',0
2009-11,14–25kW',769
2009-11,2.5–4.5kW',10235
2009-11,25–50kW',503
2009-11,4.5–6.5kW',3552
2009-11,50–100kW',263
2009-11,6.5–9.5kW',897
2009-11,9.5–14kW',882
2009-11,<2.5kW',80820
2009-12,'30+ Mw',0
2009-12,'5Mw–30Mw',0
2009-12,100kW–5MW',0
2009-12,14–25kW',809
2009-12,2.5–4.5kW',11738
2009-12,25–50kW',619
2009-12,4.5–6.5kW',4076
2009-12,50–100kW',314
2009-12,6.5–9.5kW',1010
2009-12,9.5–14kW',1020
2009-12,<2.5kW',90297
2010-01,'30+ Mw',0
2010-01,'5Mw–30Mw',0
2010-01,100kW–5MW',0
2010-01,14–25kW',809
2010-01,2.5–4.5kW',13065
2010-01,25–50kW',683
2010-01,4.5–6.5kW',4543
2010-01,50–100kW',314
2010-01,6.5–9.5kW',1087
2010-01,9.5–14kW',1186
2010-01,<2.5kW',100193
2010-02,'30+ Mw',0
2010-02,'5Mw–30Mw',0
2010-02,100kW–5MW',0
2010-02,14–25kW',909
2010-02,2.5–4.5kW',15436
2010-02,25–50kW',683
2010-02,4.5–6.5kW',5240
2010-02,50–100kW',314
2010-02,6.5–9.5kW',1270
2010-02,9.5–14kW',1483
2010-02,<2.5kW',112344
2010-03,'30+ Mw',0
2010-03,'5Mw–30Mw',0
2010-03,100kW–5MW',0
2010-03,14–25kW',1062
2010-03,2.5–4.5kW',18741
2010-03,25–50kW',865
2010-03,4.5–6.5kW',6315
2010-03,50–100kW',381
2010-03,6.5–9.5kW',1530
2010-03,9.5–14kW',1999
2010-03,<2.5kW',128579
2010-04,'30+ Mw',0
2010-04,'5Mw–30Mw',0
2010-04,100kW–5MW',0
2010-04,14–25kW',1197
2010-04,2.5–4.5kW',22771
2010-04,25–50kW',894
2010-04,4.5–6.5kW',7500
2010-04,50–100kW',381
2010-04,6.5–9.5kW',1765
2010-04,9.5–14kW',2529
2010-04,<2.5kW',145332
2010-05,'30+ Mw',0
2010-05,'5Mw–30Mw',0
2010-05,100kW–5MW',0
2010-05,14–25kW',1264
2010-05,2.5–4.5kW',27698
2010-05,25–50kW',979
2010-05,4.5–6.5kW',8778
2010-05,50–100kW',540
2010-05,6.5–9.5kW',2133
2010-05,9.5–14kW',3341
2010-05,<2.5kW',166525
2010-06,'30+ Mw',0
2010-06,'5Mw–30Mw',0
2010-06,100kW–5MW',0
2010-06,14–25kW',1378
2010-06,2.5–4.5kW',33911
2010-06,25–50kW',1228
2010-06,4.5–6.5kW',10862
2010-06,50–100kW',740
2010-06,6.5–9.5kW',2645
2010-06,9.5–14kW',5011
2010-06,<2.5kW',189541
2010-07,'30+ Mw',0
2010-07,'5Mw–30Mw',0
2010-07,100kW–5MW',0
2010-07,14–25kW',1503
2010-07,2.5–4.5kW',41596
2010-07,25–50kW',1518
2010-07,4.5–6.5kW',13496
2010-07,50–100kW',740
2010-07,6.5–9.5kW',3255
2010-07,9.5–14kW',6647
2010-07,<2.5kW',211185
2010-08,'30+ Mw',0
2010-08,'5Mw–30Mw',0
2010-08,100kW–5MW',0
2010-08,14–25kW',1688
2010-08,2.5–4.5kW',50045
2010-08,25–50kW',1841
2010-08,4.5–6.5kW',16442
2010-08,50–100kW',860
2010-08,6.5–9.5kW',4003
2010-08,9.5–14kW',8485
2010-08,<2.5kW',233924
2010-09,'30+ Mw',0
2010-09,'5Mw–30Mw',0
2010-09,100kW–5MW',0
2010-09,14–25kW',1929
2010-09,2.5–4.5kW',59846
2010-09,25–50kW',2107
2010-09,4.5–6.5kW',19834
2010-09,50–100kW',1088
2010-09,6.5–9.5kW',4729
2010-09,9.5–14kW',10666
2010-09,<2.5kW',258574
2010-10,'30+ Mw',0
2010-10,'5Mw–30Mw',0
2010-10,100kW–5MW',0
2010-10,14–25kW',2081
2010-10,2.5–4.5kW',70689
2010-10,25–50kW',2325
2010-10,4.5–6.5kW',23575
2010-10,50–100kW',1232
2010-10,6.5–9.5kW',5673
2010-10,9.5–14kW',12650
2010-10,<2.5kW',286169
2010-11,'30+ Mw',0
2010-11,'5Mw–30Mw',0
2010-11,100kW–5MW',0
2010-11,14–25kW',2519
2010-11,2.5–4.5kW',84239
2010-11,25–50kW',2901
2010-11,4.5–6.5kW',28103
2010-11,50–100kW',1739
2010-11,6.5–9.5kW',6441
2010-11,9.5–14kW',14990
2010-11,<2.5kW',318311
2010-12,'30+ Mw',0
2010-12,'5Mw–30Mw',0
2010-12,100kW–5MW',0
2010-12,14–25kW',2762
2010-12,2.5–4.5kW',94890
2010-12,25–50kW',3210
2010-12,4.5–6.5kW',31366
2010-12,50–100kW',1966
2010-12,6.5–9.5kW',7127
2010-12,9.5–14kW',17086
2010-12,<2.5kW',341970
2011-01,'30+ Mw',0
2011-01,'5Mw–30Mw',0
2011-01,100kW–5MW',0
2011-01,14–25kW',3026
2011-01,2.5–4.5kW',110532
2011-01,25–50kW',3629
2011-01,4.5–6.5kW',36656
2011-01,50–100kW',2171
2011-01,6.5–9.5kW',8068
2011-01,9.5–14kW',20730
2011-01,<2.5kW',373749
2011-02,'30+ Mw',0
2011-02,'5Mw–30Mw',0
2011-02,100kW–5MW',0
2011-02,14–25kW',3435
2011-02,2.5–4.5kW',127745
2011-02,25–50kW',3902
2011-02,4.5–6.5kW',42274
2011-02,50–100kW',2560
2011-02,6.5–9.5kW',9246
2011-02,9.5–14kW',24051
2011-02,<2.5kW',410008
2011-03,'30+ Mw',0
2011-03,'5Mw–30Mw',0
2011-03,100kW–5MW',0
2011-03,14–25kW',3810
2011-03,2.5–4.5kW',149340
2011-03,25–50kW',4424
2011-03,4.5–6.5kW',49700
2011-03,50–100kW',2560
2011-03,6.5–9.5kW',10303
2011-03,9.5–14kW',29123
2011-03,<2.5kW',454158
2011-04,'30+ Mw',0
2011-04,'5Mw–30Mw',0
2011-04,100kW–5MW',0
2011-04,14–25kW',4364
2011-04,2.5–4.5kW',170011
2011-04,25–50kW',4903
2011-04,4.5–6.5kW',56659
2011-04,50–100kW',2708
2011-04,6.5–9.5kW',11499
2011-04,9.5–14kW',34240
2011-04,<2.5kW',495099
2011-05,'30+ Mw',0
2011-05,'5Mw–30Mw',0
2011-05,100kW–5MW',0
2011-05,14–25kW',5061
2011-05,2.5–4.5kW',204442
2011-05,25–50kW',6028
2011-05,4.5–6.5kW',67892
2011-05,50–100kW',3344
2011-05,6.5–9.5kW',13016
2011-05,9.5–14kW',39642
2011-05,<2.5kW',556132
2011-06,'30+ Mw',0
2011-06,'5Mw–30Mw',0
2011-06,100kW–5MW',0
2011-06,14–25kW',7105
2011-06,2.5–4.5kW',258170
2011-06,25–50kW',7953
2011-06,4.5–6.5kW',88428
2011-06,50–100kW',4861
2011-06,6.5–9.5kW',15360
2011-06,9.5–14kW',45155
2011-06,<2.5kW',635962
2011-07,'30+ Mw',0
2011-07,'5Mw–30Mw',0
2011-07,100kW–5MW',0
2011-07,14–25kW',7772
2011-07,2.5–4.5kW',277305
2011-07,25–50kW',8536
2011-07,4.5–6.5kW',95322
2011-07,50–100kW',4971
2011-07,6.5–9.5kW',16007
2011-07,9.5–14kW',46745
2011-07,<2.5kW',660553
2011-08,'30+ Mw',0
2011-08,'5Mw–30Mw',0
2011-08,100kW–5MW',0
2011-08,14–25kW',8229
2011-08,2.5–4.5kW',299790
2011-08,25–50kW',9308
2011-08,4.5–6.5kW',104087
2011-08,50–100kW',4971
2011-08,6.5–9.5kW',16571
2011-08,9.5–14kW',48209
2011-08,<2.5kW',682738
2011-09,'30+ Mw',0
2011-09,'5Mw–30Mw',0
2011-09,100kW–5MW',100
2011-09,14–25kW',8803
2011-09,2.5–4.5kW',327269
2011-09,25–50kW',10388
2011-09,4.5–6.5kW',117218
2011-09,50–100kW',5027
2011-09,6.5–9.5kW',17463
2011-09,9.5–14kW',49675
2011-09,<2.5kW',705415
2011-10,'30+ Mw',0
2011-10,'5Mw–30Mw',0
2011-10,100kW–5MW',100
2011-10,14–25kW',9255
2011-10,2.5–4.5kW',343869
2011-10,25–50kW',11304
2011-10,4.5–6.5kW',124739
2011-10,50–100kW',5027
2011-10,6.5–9.5kW',18306
2011-10,9.5–14kW',51179
2011-10,<2.5kW',721661
2011-11,'30+ Mw',0
2011-11,'5Mw–30Mw',0
2011-11,100kW–5MW',100
2011-11,14–25kW',9610
2011-11,2.5–4.5kW',361691
2011-11,25–50kW',12281
2011-11,4.5–6.5kW',133923
2011-11,50–100kW',5078
2011-11,6.5–9.5kW',19227
2011-11,9.5–14kW',53571
2011-11,<2.5kW',738470
2011-12,'30+ Mw',0
2011-12,'5Mw–30Mw',0
2011-12,100kW–5MW',100
2011-12,14–25kW',10194
2011-12,2.5–4.5kW',376071
2011-12,25–50kW',13269
2011-12,4.5–6.5kW',142198
2011-12,50–100kW',5128
2011-12,6.5–9.5kW',20091
2011-12,9.5–14kW',54632
2011-12,<2.5kW',752183
2012-01,'30+ Mw',0
2012-01,'5Mw–30Mw',0
2012-01,100kW–5MW',100
2012-01,14–25kW',10397
2012-01,2.5–4.5kW',388360
2012-01,25–50kW',13875
2012-01,4.5–6.5kW',149265
2012-01,50–100kW',5334
2012-01,6.5–9.5kW',20650
2012-01,9.5–14kW',55636
2012-01,<2.5kW',764883
2012-02,'30+ Mw',0
2012-02,'5Mw–30Mw',0
2012-02,100kW–5MW',100
2012-02,14–25kW',10826
2012-02,2.5–4.5kW',406037
2012-02,25–50kW',14646
2012-02,4.5–6.5kW',159654
2012-02,50–100kW',5455
2012-02,6.5–9.5kW',21485
2012-02,9.5–14kW',56902
2012-02,<2.5kW',784473
2012-03,'30+ Mw',0
2012-03,'5Mw–30Mw',0
2012-03,100kW–5MW',100
2012-03,14–25kW',11285
2012-03,2.5–4.5kW',427244
2012-03,25–50kW',15334
2012-03,4.5–6.5kW',173678
2012-03,50–100kW',5554
2012-03,6.5–9.5kW',22583
2012-03,9.5–14kW',58405
2012-03,<2.5kW',807827
2012-04,'30+ Mw',0
2012-04,'5Mw–30Mw',0
2012-04,100kW–5MW',100
2012-04,14–25kW',12039
2012-04,2.5–4.5kW',451703
2012-04,25–50kW',15936
2012-04,4.5–6.5kW',190798
2012-04,50–100kW',5670
2012-04,6.5–9.5kW',23573
2012-04,9.5–14kW',59837
2012-04,<2.5kW',833879
2012-05,'30+ Mw',0
2012-05,'5Mw–30Mw',0
2012-05,100kW–5MW',100
2012-05,14–25kW',13091
2012-05,2.5–4.5kW',495363
2012-05,25–50kW',17301
2012-05,4.5–6.5kW',222335
2012-05,50–100kW',5987
2012-05,6.5–9.5kW',25828
2012-05,9.5–14kW',62093
2012-05,<2.5kW',873575
2012-06,'30+ Mw',0
2012-06,'5Mw–30Mw',0
2012-06,100kW–5MW',100
2012-06,14–25kW',14876
2012-06,2.5–4.5kW',560439
2012-06,25–50kW',18761
2012-06,4.5–6.5kW',275934
2012-06,50–100kW',6404
2012-06,6.5–9.5kW',29485
2012-06,9.5–14kW',67154
2012-06,<2.5kW',921574
2012-07,'30+ Mw',0
2012-07,'5Mw–30Mw',0
2012-07,100kW–5MW',100
2012-07,14–25kW',16123
2012-07,2.5–4.5kW',590572
2012-07,25–50kW',19647
2012-07,4.5–6.5kW',299960
2012-07,50–100kW',6520
2012-07,6.5–9.5kW',30743
2012-07,9.5–14kW',68684
2012-07,<2.5kW',941326
2012-08,'30+ Mw',0
2012-08,'5Mw–30Mw',0
2012-08,100kW–5MW',100
2012-08,14–25kW',16955
2012-08,2.5–4.5kW',623505
2012-08,25–50kW',20475
2012-08,4.5–6.5kW',330394
2012-08,50–100kW',6726
2012-08,6.5–9.5kW',32662
2012-08,9.5–14kW',70342
2012-08,<2.5kW',960924
2012-09,'30+ Mw',0
2012-09,'5Mw–30Mw',0
2012-09,100kW–5MW',100
2012-09,14–25kW',18690
2012-09,2.5–4.5kW',658157
2012-09,25–50kW',21786
2012-09,4.5–6.5kW',366164
2012-09,50–100kW',6989
2012-09,6.5–9.5kW',34952
2012-09,9.5–14kW',72708
2012-09,<2.5kW',978422
2012-10,'30+ Mw',0
2012-10,'5Mw–30Mw',0
2012-10,100kW–5MW',300
2012-10,14–25kW',19915
2012-10,2.5–4.5kW',684325
2012-10,25–50kW',22496
2012-10,4.5–6.5kW',391498
2012-10,50–100kW',7581
2012-10,6.5–9.5kW',36685
2012-10,9.5–14kW',74255
2012-10,<2.5kW',994071
2012-11,'30+ Mw',0
2012-11,'5Mw–30Mw',0
2012-11,100kW–5MW',400
2012-11,14–25kW',20980
2012-11,2.5–4.5kW',710344
2012-11,25–50kW',23775
2012-11,4.5–6.5kW',417583
2012-11,50–100kW',7992
2012-11,6.5–9.5kW',38583
2012-11,9.5–14kW',76010
2012-11,<2.5kW',1009378
2012-12,'30+ Mw',0
2012-12,'5Mw–30Mw',0
2012-12,100kW–5MW',400
2012-12,14–25kW',22821
2012-12,2.5–4.5kW',747274
2012-12,25–50kW',25484
2012-12,4.5–6.5kW',457015
2012-12,50–100kW',8636
2012-12,6.5–9.5kW',42208
2012-12,9.5–14kW',79852
2012-12,<2.5kW',1027734
2013-01,'30+ Mw',0
2013-01,'5Mw–30Mw',0
2013-01,100kW–5MW',400
2013-01,14–25kW',23952
2013-01,2.5–4.5kW',765225
2013-01,25–50kW',26531
2013-01,4.5–6.5kW',474930
2013-01,50–100kW',9447
2013-01,6.5–9.5kW',43645
2013-01,9.5–14kW',81799
2013-01,<2.5kW',1037234
2013-02,'30+ Mw',0
2013-02,'5Mw–30Mw',0
2013-02,100kW–5MW',600
2013-02,14–25kW',25669
2013-02,2.5–4.5kW',784027
2013-02,25–50kW',27700
2013-02,4.5–6.5kW',495267
2013-02,50–100kW',10383
2013-02,6.5–9.5kW',45472
2013-02,9.5–14kW',84031
2013-02,<2.5kW',1046118
2013-03,'30+ Mw',0
2013-03,'5Mw–30Mw',0
2013-03,100kW–5MW',700
2013-03,14–25kW',27427
2013-03,2.5–4.5kW',803217
2013-03,25–50kW',29453
2013-03,4.5–6.5kW',518832
2013-03,50–100kW',11759
2013-03,6.5–9.5kW',47601
2013-03,9.5–14kW',86238
2013-03,<2.5kW',1054683
2013-04,'30+ Mw',0
2013-04,'5Mw–30Mw',0
2013-04,100kW–5MW',1000
2013-04,14–25kW',28689
2013-04,2.5–4.5kW',822442
2013-04,25–50kW',30934
2013-04,4.5–6.5kW',545620
2013-04,50–100kW',12861
2013-04,6.5–9.5kW',49463
2013-04,9.5–14kW',89074
2013-04,<2.5kW',1063133
2013-05,'30+ Mw',0
2013-05,'5Mw–30Mw',0
2013-05,100kW–5MW',1000
2013-05,14–25kW',30852
2013-05,2.5–4.5kW',844594
2013-05,25–50kW',33212
2013-05,4.5–6.5kW',582739
2013-05,50–100kW',14294
2013-05,6.5–9.5kW',51937
2013-05,9.5–14kW',91921
2013-05,<2.5kW',1072086
2013-06,'30+ Mw',0
2013-06,'5Mw–30Mw',0
2013-06,100kW–5MW',1200
2013-06,14–25kW',33191
2013-06,2.5–4.5kW',869029
2013-06,25–50kW',36161
2013-06,4.5–6.5kW',628182
2013-06,50–100kW',15491
2013-06,6.5–9.5kW',54706
2013-06,9.5–14kW',95474
2013-06,<2.5kW',1080838
2013-07,'30+ Mw',0
2013-07,'5Mw–30Mw',0
2013-07,100kW–5MW',1400
2013-07,14–25kW',35180
2013-07,2.5–4.5kW',888883
2013-07,25–50kW',38326
2013-07,4.5–6.5kW',653826
2013-07,50–100kW',16927
2013-07,6.5–9.5kW',56922
2013-07,9.5–14kW',98597
2013-07,<2.5kW',1088768
2013-08,'30+ Mw',0
2013-08,'5Mw–30Mw',0
2013-08,100kW–5MW',1700
2013-08,14–25kW',36998
2013-08,2.5–4.5kW',906893
2013-08,25–50kW',40562
2013-08,4.5–6.5kW',677285
2013-08,50–100kW',17998
2013-08,6.5–9.5kW',59696
2013-08,9.5–14kW',102057
2013-08,<2.5kW',1095169
2013-09,'30+ Mw',0
2013-09,'5Mw–30Mw',0
2013-09,100kW–5MW',2200
2013-09,14–25kW',39122
2013-09,2.5–4.5kW',924975
2013-09,25–50kW',42746
2013-09,4.5–6.5kW',702271
2013-09,50–100kW',19692
2013-09,6.5–9.5kW',62544
2013-09,9.5–14kW',106250
2013-09,<2.5kW',1100994
2013-10,'30+ Mw',0
2013-10,'5Mw–30Mw',0
2013-10,100kW–5MW',2600
2013-10,14–25kW',41477
2013-10,2.5–4.5kW',946542
2013-10,25–50kW',45721
2013-10,4.5–6.5kW',731693
2013-10,50–100kW',21463
2013-10,6.5–9.5kW',66100
2013-10,9.5–14kW',110598
2013-10,<2.5kW',1107528
2013-11,'30+ Mw',0
2013-11,'5Mw–30Mw',0
2013-11,100kW–5MW',3000
2013-11,14–25kW',43790
2013-11,2.5–4.5kW',966099
2013-11,25–50kW',48346
2013-11,4.5–6.5kW',761731
2013-11,50–100kW',23133
2013-11,6.5–9.5kW',69534
2013-11,9.5–14kW',115271
2013-11,<2.5kW',1114225
2013-12,'30+ Mw',0
2013-12,'5Mw–30Mw',0
2013-12,100kW–5MW',3700
2013-12,14–25kW',46401
2013-12,2.5–4.5kW',982051
2013-12,25–50kW',52065
2013-12,4.5–6.5kW',786615
2013-12,50–100kW',25166
2013-12,6.5–9.5kW',72558
2013-12,9.5–14kW',119194
2013-12,<2.5kW',1119230
2014-01,'30+ Mw',0
2014-01,'5Mw–30Mw',0
2014-01,100kW–5MW',4228
2014-01,14–25kW',49094
2014-01,2.5–4.5kW',997911
2014-01,25–50kW',55932
2014-01,4.5–6.5kW',811086
2014-01,50–100kW',26691
2014-01,6.5–9.5kW',75620
2014-01,9.5–14kW',123541
2014-01,<2.5kW',1124468
2014-02,'30+ Mw',0
2014-02,'5Mw–30Mw',0
2014-02,100kW–5MW',5167
2014-02,14–25kW',50823
2014-02,2.5–4.5kW',1014916
2014-02,25–50kW',58212
2014-02,4.5–6.5kW',836156
2014-02,50–100kW',28057
2014-02,6.5–9.5kW',77559
2014-02,9.5–14kW',126039
2014-02,<2.5kW',1130214
2014-03,'30+ Mw',0
2014-03,'5Mw–30Mw',0
2014-03,100kW–5MW',6067
2014-03,14–25kW',52881
2014-03,2.5–4.5kW',1032942
2014-03,25–50kW',60977
2014-03,4.5–6.5kW',862028
2014-03,50–100kW',31503
2014-03,6.5–9.5kW',79432
2014-03,9.5–14kW',128592
2014-03,<2.5kW',1135406
2014-04,'30+ Mw',0
2014-04,'5Mw–30Mw',0
2014-04,100kW–5MW',11327
2014-04,14–25kW',54471
2014-04,2.5–4.5kW',1049876
2014-04,25–50kW',63101
2014-04,4.5–6.5kW',887703
2014-04,50–100kW',32927
2014-04,6.5–9.5kW',81102
2014-04,9.5–14kW',130946
2014-04,<2.5kW',1140184
2014-05,'30+ Mw',0
2014-05,'5Mw–30Mw',20000
2014-05,100kW–5MW',13986
2014-05,14–25kW',56900
2014-05,2.5–4.5kW',1070069
2014-05,25–50kW',66157
2014-05,4.5–6.5kW',918510
2014-05,50–100kW',36715
2014-05,6.5–9.5kW',83385
2014-05,9.5–14kW',134208
2014-05,<2.5kW',1145547
2014-06,'30+ Mw',0
2014-06,'5Mw–30Mw',20000
2014-06,100kW–5MW',14955
2014-06,14–25kW',59350
2014-06,2.5–4.5kW',1087523
2014-06,25–50kW',69875
2014-06,4.5–6.5kW',946586
2014-06,50–100kW',39672
2014-06,6.5–9.5kW',85440
2014-06,9.5–14kW',136758
2014-06,<2.5kW',1150412
2014-07,'30+ Mw',0
2014-07,'5Mw–30Mw',20000
2014-07,100kW–5MW',16633
2014-07,14–25kW',62276
2014-07,2.5–4.5kW',1107821
2014-07,25–50kW',74177
2014-07,4.5–6.5kW',976916
2014-07,50–100kW',42732
2014-07,6.5–9.5kW',87771
2014-07,9.5–14kW',139683
2014-07,<2.5kW',1155987
2014-08,'30+ Mw',0
2014-08,'5Mw–30Mw',20000
2014-08,100kW–5MW',17717
2014-08,14–25kW',65011
2014-08,2.5–4.5kW',1126172
2014-08,25–50kW',78043
2014-08,4.5–6.5kW',1003780
2014-08,50–100kW',46273
2014-08,6.5–9.5kW',90246
2014-08,9.5–14kW',142735
2014-08,<2.5kW',1161242
2014-09,'30+ Mw',0
2014-09,'5Mw–30Mw',20000
2014-09,100kW–5MW',18579
2014-09,14–25kW',67758
2014-09,2.5–4.5kW',1146338
2014-09,25–50kW',82061
2014-09,4.5–6.5kW',1034338
2014-09,50–100kW',49005
2014-09,6.5–9.5kW',93128
2014-09,9.5–14kW',145947
2014-09,<2.5kW',1167280
2014-10,'30+ Mw',0
2014-10,'5Mw–30Mw',20000
2014-10,100kW–5MW',19612
2014-10,14–25kW',71181
2014-10,2.5–4.5kW',1167673
2014-10,25–50kW',86062
2014-10,4.5–6.5kW',1065196
2014-10,50–100kW',52348
2014-10,6.5–9.5kW',95919
2014-10,9.5–14kW',149446
2014-10,<2.5kW',1172922
2014-11,'30+ Mw',0
2014-11,'5Mw–30Mw',20000
2014-11,100kW–5MW',21509
2014-11,14–25kW',73425
2014-11,2.5–4.5kW',1185675
2014-11,25–50kW',90476
2014-11,4.5–6.5kW',1092064
2014-11,50–100kW',56043
2014-11,6.5–9.5kW',98724
2014-11,9.5–14kW',152494
2014-11,<2.5kW',1177238
2014-12,'30+ Mw',0
2014-12,'5Mw–30Mw',20000
2014-12,100kW–5MW',23009
2014-12,14–25kW',76440
2014-12,2.5–4.5kW',1203213
2014-12,25–50kW',94777
2014-12,4.5–6.5kW',1117816
2014-12,50–100kW',60279
2014-12,6.5–9.5kW',101587
2014-12,9.5–14kW',155551
2014-12,<2.5kW',1181001
2015-01,'30+ Mw',0
2015-01,'5Mw–30Mw',20000
2015-01,100kW–5MW',23697
2015-01,14–25kW',78675
2015-01,2.5–4.5kW',1217918
2015-01,25–50kW',97556
2015-01,4.5–6.5kW',1139537
2015-01,50–100kW',64047
2015-01,6.5–9.5kW',103608
2015-01,9.5–14kW',157780
2015-01,<2.5kW',1184569
2015-02,'30+ Mw',0
2015-02,'5Mw–30Mw',20000
2015-02,100kW–5MW',24422
2015-02,14–25kW',81583
2015-02,2.5–4.5kW',1233577
2015-02,25–50kW',101361
2015-02,4.5–6.5kW',1164987
2015-02,50–100kW',67884
2015-02,6.5–9.5kW',106234
2015-02,9.5–14kW',160828
2015-02,<2.5kW',1188359
2015-03,'30+ Mw',102000
2015-03,'5Mw–30Mw',20000
2015-03,100kW–5MW',26109
2015-03,14–25kW',84576
2015-03,2.5–4.5kW',1249477
2015-03,25–50kW',104709
2015-03,4.5–6.5kW',1191242
2015-03,50–100kW',71819
2015-03,6.5–9.5kW',109151
2015-03,9.5–14kW',163711
2015-03,<2.5kW',1192219
2015-04,'30+ Mw',102000
2015-04,'5Mw–30Mw',20000
2015-04,100kW–5MW',28480
2015-04,14–25kW',87419
2015-04,2.5–4.5kW',1262809
2015-04,25–50kW',107570
2015-04,4.5–6.5kW',1213423
2015-04,50–100kW',73787
2015-04,6.5–9.5kW',111565
2015-04,9.5–14kW',166352
2015-04,<2.5kW',1195454
2015-05,'30+ Mw',102000
2015-05,'5Mw–30Mw',20000
2015-05,100kW–5MW',31535
2015-05,14–25kW',90260
2015-05,2.5–4.5kW',1276199
2015-05,25–50kW',111378
2015-05,4.5–6.5kW',1237204
2015-05,50–100kW',77587
2015-05,6.5–9.5kW',114370
2015-05,9.5–14kW',169381
2015-05,<2.5kW',1198850
2015-06,'30+ Mw',102000
2015-06,'5Mw–30Mw',20000
2015-06,100kW–5MW',32535
2015-06,14–25kW',93978
2015-06,2.5–4.5kW',1289643
2015-06,25–50kW',115511
2015-06,4.5–6.5kW',1262523
2015-06,50–100kW',81185
2015-06,6.5–9.5kW',117242
2015-06,9.5–14kW',172523
2015-06,<2.5kW',1202029
2015-07,'30+ Mw',155000
2015-07,'5Mw–30Mw',20000
2015-07,100kW–5MW',33785
2015-07,14–25kW',97378
2015-07,2.5–4.5kW',1304008
2015-07,25–50kW',119591
2015-07,4.5–6.5kW',1292276
2015-07,50–100kW',84657
2015-07,6.5–9.5kW',120439
2015-07,9.5–14kW',176125
2015-07,<2.5kW',1205518
2015-08,'30+ Mw',155000
2015-08,'5Mw–30Mw',20000
2015-08,100kW–5MW',34801
2015-08,14–25kW',100066
2015-08,2.5–4.5kW',1317263
2015-08,25–50kW',123590
2015-08,4.5–6.5kW',1319177
2015-08,50–100kW',88354
2015-08,6.5–9.5kW',123248
2015-08,9.5–14kW',179008
2015-08,<2.5kW',1208284
2015-09,'30+ Mw',155000
2015-09,'5Mw–30Mw',20000
2015-09,100kW–5MW',37607
2015-09,14–25kW',103417
2015-09,2.5–4.5kW',1330472
2015-09,25–50kW',126946
2015-09,4.5–6.5kW',1346459
2015-09,50–100kW',91966
2015-09,6.5–9.5kW',126207
2015-09,9.5–14kW',181989
2015-09,<2.5kW',1211144
2015-10,'30+ Mw',155000
2015-10,'5Mw–30Mw',20000
2015-10,100kW–5MW',39678
2015-10,14–25kW',106021
2015-10,2.5–4.5kW',1343251
2015-10,25–50kW',131213
2015-10,4.5–6.5kW',1373306
2015-10,50–100kW',97009
2015-10,6.5–9.5kW',129172
2015-10,9.5–14kW',184892
2015-10,<2.5kW',1213916
2015-11,'30+ Mw',155000
2015-11,'5Mw–30Mw',20000
2015-11,100kW–5MW',45573
2015-11,14–25kW',109076
2015-11,2.5–4.5kW',1356162
2015-11,25–50kW',135459
2015-11,4.5–6.5kW',1398683
2015-11,50–100kW',100129
2015-11,6.5–9.5kW',132257
2015-11,9.5–14kW',188131
2015-11,<2.5kW',1216515
2015-12,'30+ Mw',155000
2015-12,'5Mw–30Mw',20000
2015-12,100kW–5MW',49421
2015-12,14–25kW',112279
2015-12,2.5–4.5kW',1367755
2015-12,25–50kW',138867
2015-12,4.5–6.5kW',1422588
2015-12,50–100kW',105541
2015-12,6.5–9.5kW',135090
2015-12,9.5–14kW',191645
2015-12,<2.5kW',1218745
2016-01,'30+ Mw',155000
2016-01,'5Mw–30Mw',20000
2016-01,100kW–5MW',50315
2016-01,14–25kW',114136
2016-01,2.5–4.5kW',1376676
2016-01,25–50kW',140797
2016-01,4.5–6.5kW',1442300
2016-01,50–100kW',108289
2016-01,6.5–9.5kW',137449
2016-01,9.5–14kW',193848
2016-01,<2.5kW',1220724
2016-02,'30+ Mw',211000
2016-02,'5Mw–30Mw',20000
2016-02,100kW–5MW',51479
2016-02,14–25kW',116869
2016-02,2.5–4.5kW',1388515
2016-02,25–50kW',144506
2016-02,4.5–6.5kW',1468326
2016-02,50–100kW',111941
2016-02,6.5–9.5kW',140528
2016-02,9.5–14kW',196676
2016-02,<2.5kW',1223393
2016-03,'30+ Mw',211000
2016-03,'5Mw–30Mw',20000
2016-03,100kW–5MW',53686
2016-03,14–25kW',119322
2016-03,2.5–4.5kW',1400363
2016-03,25–50kW',147855
2016-03,4.5–6.5kW',1493520
2016-03,50–100kW',115882
2016-03,6.5–9.5kW',143566
2016-03,9.5–14kW',199456
2016-03,<2.5kW',1225884
2016-04,'30+ Mw',211000
2016-04,'5Mw–30Mw',30560
2016-04,100kW–5MW',55826
2016-04,14–25kW',122127
2016-04,2.5–4.5kW',1411582
2016-04,25–50kW',151236
2016-04,4.5–6.5kW',1517182
2016-04,50–100kW',121309
2016-04,6.5–9.5kW',147088
2016-04,9.5–14kW',202562
2016-04,<2.5kW',1228336
2016-05,'30+ Mw',211000
2016-05,'5Mw–30Mw',30560
2016-05,100kW–5MW',57036
2016-05,14–25kW',125339
2016-05,2.5–4.5kW',1423095
2016-05,25–50kW',155045
2016-05,4.5–6.5kW',1542273
2016-05,50–100kW',126674
2016-05,6.5–9.5kW',151004
2016-05,9.5–14kW',205696
2016-05,<2.5kW',1230721
2016-06,'30+ Mw',211000
2016-06,'5Mw–30Mw',30560
2016-06,100kW–5MW',64558
2016-06,14–25kW',129053
2016-06,2.5–4.5kW',1433811
2016-06,25–50kW',159532
2016-06,4.5–6.5kW',1565765
2016-06,50–100kW',131527
2016-06,6.5–9.5kW',154607
2016-06,9.5–14kW',209275
2016-06,<2.5kW',1232887
2016-07,'30+ Mw',211000
2016-07,'5Mw–30Mw',30560
2016-07,100kW–5MW',65839
2016-07,14–25kW',132422
2016-07,2.5–4.5kW',1444705
2016-07,25–50kW',163592
2016-07,4.5–6.5kW',1589189
2016-07,50–100kW',136807
2016-07,6.5–9.5kW',158334
2016-07,9.5–14kW',213031
2016-07,<2.5kW',1235150
2016-08,'30+ Mw',211000
2016-08,'5Mw–30Mw',30560
2016-08,100kW–5MW',68614
2016-08,14–25kW',136415
2016-08,2.5–4.5kW',1456893
2016-08,25–50kW',168458
2016-08,4.5–6.5kW',1616316
2016-08,50–100kW',141591
2016-08,6.5–9.5kW',162384
2016-08,9.5–14kW',216874
2016-08,<2.5kW',1237716
2016-09,'30+ Mw',211000
2016-09,'5Mw–30Mw',30560
2016-09,100kW–5MW',71804
2016-09,14–25kW',140335
2016-09,2.5–4.5kW',1468633
2016-09,25–50kW',174079
2016-09,4.5–6.5kW',1644367
2016-09,50–100kW',147317
2016-09,6.5–9.5kW',166488
2016-09,9.5–14kW',221164
2016-09,<2.5kW',1239859
2016-10,'30+ Mw',211000
2016-10,'5Mw–30Mw',30560
2016-10,100kW–5MW',73758
2016-10,14–25kW',143700
2016-10,2.5–4.5kW',1479338
2016-10,25–50kW',179019
2016-10,4.5–6.5kW',1672343
2016-10,50–100kW',153756
2016-10,6.5–9.5kW',170782
2016-10,9.5–14kW',225305
2016-10,<2.5kW',1242148
2016-11,'30+ Mw',211000
2016-11,'5Mw–30Mw',30560
2016-11,100kW–5MW',77062
2016-11,14–25kW',147853
2016-11,2.5–4.5kW',1493318
2016-11,25–50kW',184154
2016-11,4.5–6.5kW',1706751
2016-11,50–100kW',158965
2016-11,6.5–9.5kW',176261
2016-11,9.5–14kW',229801
2016-11,<2.5kW',1244627
2016-12,'30+ Mw',211000
2016-12,'5Mw–30Mw',54548
2016-12,100kW–5MW',80066
2016-12,14–25kW',153442
2016-12,2.5–4.5kW',1506814
2016-12,25–50kW',193076
2016-12,4.5–6.5kW',1745087
2016-12,50–100kW',174736
2016-12,6.5–9.5kW',182567
2016-12,9.5–14kW',236006
2016-12,<2.5kW',1246961
2017-01,'30+ Mw',211000
2017-01,'5Mw–30Mw',54548
2017-01,100kW–5MW',82553
2017-01,14–25kW',155568
2017-01,2.5–4.5kW',1517297
2017-01,25–50kW',195594
2017-01,4.5–6.5kW',1772231
2017-01,50–100kW',177527
2017-01,6.5–9.5kW',186672
2017-01,9.5–14kW',238815
2017-01,<2.5kW',1248908
2017-02,'30+ Mw',211000
2017-02,'5Mw–30Mw',54548
2017-02,100kW–5MW',84465
2017-02,14–25kW',158923
2017-02,2.5–4.5kW',1530148
2017-02,25–50kW',200238
2017-02,4.5–6.5kW',1806964
2017-02,50–100kW',181005
2017-02,6.5–9.5kW',191520
2017-02,9.5–14kW',243221
2017-02,<2.5kW',1251637
2017-03,'30+ Mw',211000
2017-03,'5Mw–30Mw',79548
2017-03,100kW–5MW',87619
2017-03,14–25kW',162923
2017-03,2.5–4.5kW',1543727
2017-03,25–50kW',206101
2017-03,4.5–6.5kW',1845193
2017-03,50–100kW',187897
2017-03,6.5–9.5kW',197055
2017-03,9.5–14kW',248525
2017-03,<2.5kW',1254581
2017-04,'30+ Mw',211000
2017-04,'5Mw–30Mw',79548
2017-04,100kW–5MW',88871
2017-04,14–25kW',166177
2017-04,2.5–4.5kW',1554465
2017-04,25–50kW',211613
2017-04,4.5–6.5kW',1877523
2017-04,50–100kW',193784
2017-04,6.5–9.5kW',202195
2017-04,9.5–14kW',252631
2017-04,<2.5kW',1256681
2017-05,'30+ Mw',211000
2017-05,'5Mw–30Mw',79548
2017-05,100kW–5MW',95134
2017-05,14–25kW',171979
2017-05,2.5–4.5kW',1567885
2017-05,25–50kW',218147
2017-05,4.5–6.5kW',1917423
2017-05,50–100kW',203773
2017-05,6.5–9.5kW',209223
2017-05,9.5–14kW',258910
2017-05,<2.5kW',1259284
2017-06,'30+ Mw',211000
2017-06,'5Mw–30Mw',79548
2017-06,100kW–5MW',100383
2017-06,14–25kW',177894
2017-06,2.5–4.5kW',1580216
2017-06,25–50kW',226383
2017-06,4.5–6.5kW',1956947
2017-06,50–100kW',213798
2017-06,6.5–9.5kW',215867
2017-06,9.5–14kW',265321
2017-06,<2.5kW',1261679
2017-07,'30+ Mw',211000
2017-07,'5Mw–30Mw',94548
2017-07,100kW–5MW',102588
2017-07,14–25kW',183185
2017-07,2.5–4.5kW',1592510
2017-07,25–50kW',232803
2017-07,4.5–6.5kW',2000116
2017-07,50–100kW',223915
2017-07,6.5–9.5kW',222494
2017-07,9.5–14kW',271786
2017-07,<2.5kW',1264009
2017-08,'30+ Mw',211000
2017-08,'5Mw–30Mw',94548
2017-08,100kW–5MW',105470
2017-08,14–25kW',188306
2017-08,2.5–4.5kW',1605297
2017-08,25–50kW',240457
2017-08,4.5–6.5kW',2046607
2017-08,50–100kW',231742
2017-08,6.5–9.5kW',231422
2017-08,9.5–14kW',279447
2017-08,<2.5kW',1266614
2017-09,'30+ Mw',211000
2017-09,'5Mw–30Mw',94548
2017-09,100kW–5MW',109369
2017-09,14–25kW',193605
2017-09,2.5–4.5kW',1616820
2017-09,25–50kW',247852
2017-09,4.5–6.5kW',2089665
2017-09,50–100kW',240490
2017-09,6.5–9.5kW',240642
2017-09,9.5–14kW',287268
2017-09,<2.5kW',1268752
2017-10,'30+ Mw',211000
2017-10,'5Mw–30Mw',94548
2017-10,100kW–5MW',113902
2017-10,14–25kW',199108
2017-10,2.5–4.5kW',1628819
2017-10,25–50kW',255527
2017-10,4.5–6.5kW',2137027
2017-10,50–100kW',252129
2017-10,6.5–9.5kW',251634
2017-10,9.5–14kW',295809
2017-10,<2.5kW',1270749
2017-11,'30+ Mw',211000
2017-11,'5Mw–30Mw',107602
2017-11,100kW–5MW',129515
2017-11,14–25kW',206548
2017-11,2.5–4.5kW',1641798
2017-11,25–50kW',264403
2017-11,4.5–6.5kW',2191986
2017-11,50–100kW',266149
2017-11,6.5–9.5kW',265636
2017-11,9.5–14kW',306900
2017-11,<2.5kW',1272884
2017-12,'30+ Mw',340091
2017-12,'5Mw–30Mw',118500
2017-12,100kW–5MW',133773
2017-12,14–25kW',215233
2017-12,2.5–4.5kW',1653645
2017-12,25–50kW',276973
2017-12,4.5–6.5kW',2243204
2017-12,50–100kW',294195
2017-12,6.5–9.5kW',280945
2017-12,9.5–14kW',318721
2017-12,<2.5kW',1274772
2018-01,'30+ Mw',375033
2018-01,'5Mw–30Mw',138662
2018-01,100kW–5MW',137966
2018-01,14–25kW',219347
2018-01,2.5–4.5kW',1664295
2018-01,25–50kW',281706
2018-01,4.5–6.5kW',2285813
2018-01,50–100kW',300021
2018-01,6.5–9.5kW',293608
2018-01,9.5–14kW',326393
2018-01,<2.5kW',1276366
2018-02,'30+ Mw',375033
2018-02,'5Mw–30Mw',138662
2018-02,100kW–5MW',150010
2018-02,14–25kW',225243
2018-02,2.5–4.5kW',1676561
2018-02,25–50kW',288566
2018-02,4.5–6.5kW',2334837
2018-02,50–100kW',309307
2018-02,6.5–9.5kW',307937
2018-02,9.5–14kW',336423
2018-02,<2.5kW',1278174
2018-03,'30+ Mw',714317
2018-03,'5Mw–30Mw',156006
2018-03,100kW–5MW',155608
2018-03,14–25kW',232055
2018-03,2.5–4.5kW',1688898
2018-03,25–50kW',296724
2018-03,4.5–6.5kW',2385200
2018-03,50–100kW',320811
2018-03,6.5–9.5kW',325455
2018-03,9.5–14kW',347803
2018-03,<2.5kW',1280205
2018-04,'30+ Mw',714317
2018-04,'5Mw–30Mw',172525
2018-04,100kW–5MW',165952
2018-04,14–25kW',238850
2018-04,2.5–4.5kW',1699942
2018-04,25–50kW',304775
2018-04,4.5–6.5kW',2429790
2018-04,50–100kW',331854
2018-04,6.5–9.5kW',341975
2018-04,9.5–14kW',357710
2018-04,<2.5kW',1281977
2018-05,'30+ Mw',908019
2018-05,'5Mw–30Mw',209779
2018-05,100kW–5MW',177950
2018-05,14–25kW',246944
2018-05,2.5–4.5kW',1712159
2018-05,25–50kW',314944
2018-05,4.5–6.5kW',2477477
2018-05,50–100kW',347765
2018-05,6.5–9.5kW',364099
2018-05,9.5–14kW',370708
2018-05,<2.5kW',1284035
2018-06,'30+ Mw',908019
2018-06,'5Mw–30Mw',215741
2018-06,100kW–5MW',187142
2018-06,14–25kW',255581
2018-06,2.5–4.5kW',1721867
2018-06,25–50kW',325393
2018-06,4.5–6.5kW',2518287
2018-06,50–100kW',363799
2018-06,6.5–9.5kW',388985
2018-06,9.5–14kW',382882
2018-06,<2.5kW',1285611
2018-07,'30+ Mw',1293585
2018-07,'5Mw–30Mw',215741
2018-07,100kW–5MW',196817
2018-07,14–25kW',263511
2018-07,2.5–4.5kW',1732033
2018-07,25–50kW',334811
2018-07,4.5–6.5kW',2561871
2018-07,50–100kW',374370
2018-07,6.5–9.5kW',420155
2018-07,9.5–14kW',396419
2018-07,<2.5kW',1287240
2018-08,'30+ Mw',1500636
2018-08,'5Mw–30Mw',221721
2018-08,100kW–5MW',204330
2018-08,14–25kW',272684
2018-08,2.5–4.5kW',1742847
2018-08,25–50kW',344560
2018-08,4.5–6.5kW',2606171
2018-08,50–100kW',387174
2018-08,6.5–9.5kW',457697
2018-08,9.5–14kW',410657
2018-08,<2.5kW',1288930
2018-09,'30+ Mw',2157911
2018-09,'5Mw–30Mw',246893
2018-09,100kW–5MW',215239
2018-09,14–25kW',279809
2018-09,2.5–4.5kW',1753145
2018-09,25–50kW',353181
2018-09,4.5–6.5kW',2647804
2018-09,50–100kW',398066
2018-09,6.5–9.5kW',499697
2018-09,9.5–14kW',423651
2018-09,<2.5kW',1290365
2018-10,'30+ Mw',2270370
2018-10,'5Mw–30Mw',266817
2018-10,100kW–5MW',225959
2018-10,14–25kW',287516
2018-10,2.5–4.5kW',1764778
2018-10,25–50kW',363616
2018-10,4.5–6.5kW',2694703
2018-10,50–100kW',411589
2018-10,6.5–9.5kW',550819
2018-10,9.5–14kW',439211
2018-10,<2.5kW',1292010
2018-11,'30+ Mw',2475786
2018-11,'5Mw–30Mw',266817
2018-11,100kW–5MW',239568
2018-11,14–25kW',296490
2018-11,2.5–4.5kW',1776589
2018-11,25–50kW',374317
2018-11,4.5–6.5kW',2746142
2018-11,50–100kW',430698
2018-11,6.5–9.5kW',612490
2018-11,9.5–14kW',456705
2018-11,<2.5kW',1293788
2018-12,'30+ Mw',2550878
2018-12,'5Mw–30Mw',266817
2018-12,100kW–5MW',258318
2018-12,14–25kW',308534
2018-12,2.5–4.5kW',1786471
2018-12,25–50kW',388808
2018-12,4.5–6.5kW',2787399
2018-12,50–100kW',463183
2018-12,6.5–9.5kW',669757
2018-12,9.5–14kW',476344
2018-12,<2.5kW',1295056
2019-01,'30+ Mw',2635627
2019-01,'5Mw–30Mw',317691
2019-01,100kW–5MW',271030
2019-01,14–25kW',313400
2019-01,2.5–4.5kW',1796006
2019-01,25–50kW',394110
2019-01,4.5–6.5kW',2821994
2019-01,50–100kW',469495
2019-01,6.5–9.5kW',722413
2019-01,9.5–14kW',487384
2019-01,<2.5kW',1296099
2019-02,'30+ Mw',2889067
2019-02,'5Mw–30Mw',329115
2019-02,100kW–5MW',285291
2019-02,14–25kW',320443
2019-02,2.5–4.5kW',1806846
2019-02,25–50kW',401269
2019-02,4.5–6.5kW',2865401
2019-02,50–100kW',482511
2019-02,6.5–9.5kW',785298
2019-02,9.5–14kW',504306
2019-02,<2.5kW',1297558
2019-03,'30+ Mw',2889067
2019-03,'5Mw–30Mw',329115
2019-03,100kW–5MW',301694
2019-03,14–25kW',329053
2019-03,2.5–4.5kW',1818121
2019-03,25–50kW',409817
2019-03,4.5–6.5kW',2906929
2019-03,50–100kW',495142
2019-03,6.5–9.5kW',851818
2019-03,9.5–14kW',521903
2019-03,<2.5kW',1298836
2019-04,'30+ Mw',3070070
2019-04,'5Mw–30Mw',335208
2019-04,100kW–5MW',312165
2019-04,14–25kW',335977
2019-04,2.5–4.5kW',1827967
2019-04,25–50kW',418045
2019-04,4.5–6.5kW',2943570
2019-04,50–100kW',506103
2019-04,6.5–9.5kW',911449
2019-04,9.5–14kW',538798
2019-04,<2.5kW',1299926
2019-05,'30+ Mw',3322866
2019-05,'5Mw–30Mw',335208
2019-05,100kW–5MW',325743
2019-05,14–25kW',345590
2019-05,2.5–4.5kW',1838010
2019-05,25–50kW',429049
2019-05,4.5–6.5kW',2980554
2019-05,50–100kW',523473
2019-05,6.5–9.5kW',979264
2019-05,9.5–14kW',560128
2019-05,<2.5kW',1301340
2019-06,'30+ Mw',3412082
2019-06,'5Mw–30Mw',343009
2019-06,100kW–5MW',339809
2019-06,14–25kW',356244
2019-06,2.5–4.5kW',1845883
2019-06,25–50kW',441879
2019-06,4.5–6.5kW',3009331
2019-06,50–100kW',540496
2019-06,6.5–9.5kW',1035702
2019-06,9.5–14kW',578581
2019-06,<2.5kW',1302699
2019-07,'30+ Mw',3412082
2019-07,'5Mw–30Mw',348816
2019-07,100kW–5MW',361855
2019-07,14–25kW',366210
2019-07,2.5–4.5kW',1854416
2019-07,25–50kW',453229
2019-07,4.5–6.5kW',3044408
2019-07,50–100kW',557741
2019-07,6.5–9.5kW',1106869
2019-07,9.5–14kW',599587
2019-07,<2.5kW',1304042
2019-08,'30+ Mw',3630226
2019-08,'5Mw–30Mw',377168
2019-08,100kW–5MW',383476
2019-08,14–25kW',375489
2019-08,2.5–4.5kW',1863779
2019-08,25–50kW',466205
2019-08,4.5–6.5kW',3079288
2019-08,50–100kW',571719
2019-08,6.5–9.5kW',1181650
2019-08,9.5–14kW',619904
2019-08,<2.5kW',1305376
2019-09,'30+ Mw',3630226
2019-09,'5Mw–30Mw',377168
2019-09,100kW–5MW',392700
2019-09,14–25kW',385293
2019-09,2.5–4.5kW',1873019
2019-09,25–50kW',478738
2019-09,4.5–6.5kW',3115751
2019-09,50–100kW',586050
2019-09,6.5–9.5kW',1263449
2019-09,9.5–14kW',642917
2019-09,<2.5kW',1306629
2019-10,'30+ Mw',3885612
2019-10,'5Mw–30Mw',384029
2019-10,100kW–5MW',405339
2019-10,14–25kW',395498
2019-10,2.5–4.5kW',1883182
2019-10,25–50kW',491654
2019-10,4.5–6.5kW',3153789
2019-10,50–100kW',603506
2019-10,6.5–9.5kW',1359217
2019-10,9.5–14kW',669705
2019-10,<2.5kW',1307887
2019-11,'30+ Mw',4185776
2019-11,'5Mw–30Mw',413356
2019-11,100kW–5MW',429270
2019-11,14–25kW',406834
2019-11,2.5–4.5kW',1894407
2019-11,25–50kW',506169
2019-11,4.5–6.5kW',3191156
2019-11,50–100kW',623871
2019-11,6.5–9.5kW',1465784
2019-11,9.5–14kW',700095
2019-11,<2.5kW',1309062
2019-12,'30+ Mw',4824603
2019-12,'5Mw–30Mw',421655
2019-12,100kW–5MW',448053
2019-12,14–25kW',422004
2019-12,2.5–4.5kW',1903150
2019-12,25–50kW',524419
2019-12,4.5–6.5kW',3224464
2019-12,50–100kW',661002
2019-12,6.5–9.5kW',1573463
2019-12,9.5–14kW',733886
2019-12,<2.5kW',1309975
2020-01,'30+ Mw',4824603
2020-01,'5Mw–30Mw',442309
2020-01,100kW–5MW',459558
2020-01,14–25kW',428198
2020-01,2.5–4.5kW',1910950
2020-01,25–50kW',530334
2020-01,4.5–6.5kW',3251976
2020-01,50–100kW',669326
2020-01,6.5–9.5kW',1664633
2020-01,9.5–14kW',755274
2020-01,<2.5kW',1310842
2020-02,'30+ Mw',4824603
2020-02,'5Mw–30Mw',442309
2020-02,100kW–5MW',482798
2020-02,14–25kW',437151
2020-02,2.5–4.5kW',1921038
2020-02,25–50kW',539470
2020-02,4.5–6.5kW',3283784
2020-02,50–100kW',682600
2020-02,6.5–9.5kW',1772007
2020-02,9.5–14kW',783328
2020-02,<2.5kW',1311685
2020-03,'30+ Mw',4946143
2020-03,'5Mw–30Mw',442309
2020-03,100kW–5MW',496589
2020-03,14–25kW',447909
2020-03,2.5–4.5kW',1931727
2020-03,25–50kW',550454
2020-03,4.5–6.5kW',3318668
2020-03,50–100kW',701134
2020-03,6.5–9.5kW',1889395
2020-03,9.5–14kW',818070
2020-03,<2.5kW',1312873
2020-04,'30+ Mw',5058557
2020-04,'5Mw–30Mw',442309
2020-04,100kW–5MW',517106
2020-04,14–25kW',457533
2020-04,2.5–4.5kW',1940742
2020-04,25–50kW',560909
2020-04,4.5–6.5kW',3345892
2020-04,50–100kW',717843
2020-04,6.5–9.5kW',1988837
2020-04,9.5–14kW',850938
2020-04,<2.5kW',1314023
2020-05,'30+ Mw',5058557
2020-05,'5Mw–30Mw',442309
2020-05,100kW–5MW',525075
2020-05,14–25kW',468467
2020-05,2.5–4.5kW',1950822
2020-05,25–50kW',572071
2020-05,4.5–6.5kW',3373222
2020-05,50–100kW',737603
2020-05,6.5–9.5kW',2093019
2020-05,9.5–14kW',886372
2020-05,<2.5kW',1315204
2020-06,'30+ Mw',5279639
2020-06,'5Mw–30Mw',468549
2020-06,100kW–5MW',533789
2020-06,14–25kW',481620
2020-06,2.5–4.5kW',1960567
2020-06,25–50kW',587753
2020-06,4.5–6.5kW',3400283
2020-06,50–100kW',764602
2020-06,6.5–9.5kW',2208769
2020-06,9.5–14kW',925994
2020-06,<2.5kW',1316401
2020-07,'30+ Mw',5313433
2020-07,'5Mw–30Mw',484749
2020-07,100kW–5MW',543748
2020-07,14–25kW',494244
2020-07,2.5–4.5kW',1969905
2020-07,25–50kW',600760
2020-07,4.5–6.5kW',3430603
2020-07,50–100kW',784431
2020-07,6.5–9.5kW',2342917
2020-07,9.5–14kW',972328
2020-07,<2.5kW',1317545
2020-08,'30+ Mw',5313433
2020-08,'5Mw–30Mw',484749
2020-08,100kW–5MW',555385
2020-08,14–25kW',506195
2020-08,2.5–4.5kW',1977364
2020-08,25–50kW',612249
2020-08,4.5–6.5kW',3453206
2020-08,50–100kW',798219
2020-08,6.5–9.5kW',2458080
2020-08,9.5–14kW',1015302
2020-08,<2.5kW',1318504
2020-09,'30+ Mw',5569913
2020-09,'5Mw–30Mw',491469
2020-09,100kW–5MW',568667
2020-09,14–25kW',521871
2020-09,2.5–4.5kW',1985103
2020-09,25–50kW',625319
2020-09,4.5–6.5kW',3476352
2020-09,50–100kW',813890
2020-09,6.5–9.5kW',2585477
2020-09,9.5–14kW',1066546
2020-09,<2.5kW',1319545
2020-10,'30+ Mw',5608969
2020-10,'5Mw–30Mw',491469
2020-10,100kW–5MW',577254
2020-10,14–25kW',535432
2020-10,2.5–4.5kW',1993229
2020-10,25–50kW',638825
2020-10,4.5–6.5kW',3499979
2020-10,50–100kW',831592
2020-10,6.5–9.5kW',2721983
2020-10,9.5–14kW',1119240
2020-10,<2.5kW',1320592
2020-11,'30+ Mw',5915486
2020-11,'5Mw–30Mw',491469
2020-11,100kW–5MW',582799
2020-11,14–25kW',551161
2020-11,2.5–4.5kW',2001944
2020-11,25–50kW',655138
2020-11,4.5–6.5kW',3528628
2020-11,50–100kW',853938
2020-11,6.5–9.5kW',2881076
2020-11,9.5–14kW',1185090
2020-11,<2.5kW',1321667
2020-12,'30+ Mw',6303574
2020-12,'5Mw–30Mw',536739
2020-12,100kW–5MW',595750
2020-12,14–25kW',573955
2020-12,2.5–4.5kW',2009797
2020-12,25–50kW',679774
2020-12,4.5–6.5kW',3553023
2020-12,50–100kW',887921
2020-12,6.5–9.5kW',3027699
2020-12,9.5–14kW',1256978
2020-12,<2.5kW',1322640
2021-01,'30+ Mw',6303574
2021-01,'5Mw–30Mw',550403
2021-01,100kW–5MW',614562
2021-01,14–25kW',581995
2021-01,2.5–4.5kW',2016403
2021-01,25–50kW',686314
2021-01,4.5–6.5kW',3571893
2021-01,50–100kW',893626
2021-01,6.5–9.5kW',3142475
2021-01,9.5–14kW',1303855
2021-01,<2.5kW',1323271
2021-02,'30+ Mw',6443240
2021-02,'5Mw–30Mw',558678
2021-02,100kW–5MW',627671
2021-02,14–25kW',595147
2021-02,2.5–4.5kW',2024807
2021-02,25–50kW',698028
2021-02,4.5–6.5kW',3596509
2021-02,50–100kW',904176
2021-02,6.5–9.5kW',3281050
2021-02,9.5–14kW',1367584
2021-02,<2.5kW',1324220
2021-03,'30+ Mw',6443240
2021-03,'5Mw–30Mw',595773
2021-03,100kW–5MW',642008
2021-03,14–25kW',610423
2021-03,2.5–4.5kW',2034304
2021-03,25–50kW',711961
2021-03,4.5–6.5kW',3622443
2021-03,50–100kW',919210
2021-03,6.5–9.5kW',3428529
2021-03,9.5–14kW',1440250
2021-03,<2.5kW',1325296
2021-04,'30+ Mw',6443240
2021-04,'5Mw–30Mw',614119
2021-04,100kW–5MW',646825
2021-04,14–25kW',624591
2021-04,2.5–4.5kW',2042782
2021-04,25–50kW',725284
2021-04,4.5–6.5kW',3645472
2021-04,50–100kW',931217
2021-04,6.5–9.5kW',3555518
2021-04,9.5–14kW',1506130
2021-04,<2.5kW',1326196
2021-05,'30+ Mw',6514382
2021-05,'5Mw–30Mw',635280
2021-05,100kW–5MW',650812
2021-05,14–25kW',640890
2021-05,2.5–4.5kW',2051261
2021-05,25–50kW',740946
2021-05,4.5–6.5kW',3665507
2021-05,50–100kW',949948
2021-05,6.5–9.5kW',3671807
2021-05,9.5–14kW',1568989
2021-05,<2.5kW',1327201
2021-06,'30+ Mw',6668159
2021-06,'5Mw–30Mw',635280
2021-06,100kW–5MW',659403
2021-06,14–25kW',658357
2021-06,2.5–4.5kW',2059626
2021-06,25–50kW',759795
2021-06,4.5–6.5kW',3686709
2021-06,50–100kW',970783
2021-06,6.5–9.5kW',3787792
2021-06,9.5–14kW',1633290
2021-06,<2.5kW',1328085
2021-07,'30+ Mw',6746957
2021-07,'5Mw–30Mw',635280
2021-07,100kW–5MW',668024
2021-07,14–25kW',673678
2021-07,2.5–4.5kW',2066818
2021-07,25–50kW',774586
2021-07,4.5–6.5kW',3706981
2021-07,50–100kW',986871
2021-07,6.5–9.5kW',3900093
2021-07,9.5–14kW',1695821
2021-07,<2.5kW',1328965
2021-08,'30+ Mw',6937824
2021-08,'5Mw–30Mw',665631
2021-08,100kW–5MW',680758
2021-08,14–25kW',688871
2021-08,2.5–4.5kW',2073773
2021-08,25–50kW',787811
2021-08,4.5–6.5kW',3725962
2021-08,50–100kW',1000831
2021-08,6.5–9.5kW',4010861
2021-08,9.5–14kW',1759317
2021-08,<2.5kW',1330004
2021-09,'30+ Mw',6937824
2021-09,'5Mw–30Mw',682485
2021-09,100kW–5MW',687401
2021-09,14–25kW',705351
2021-09,2.5–4.5kW',2080528
2021-09,25–50kW',801487
2021-09,4.5–6.5kW',3744812
2021-09,50–100kW',1013928
2021-09,6.5–9.5kW',4122024
2021-09,9.5–14kW',1835225
2021-09,<2.5kW',1330872
2021-10,'30+ Mw',7057205
2021-10,'5Mw–30Mw',682485
2021-10,100kW–5MW',698087
2021-10,14–25kW',721706
2021-10,2.5–4.5kW',2086646
2021-10,25–50kW',814610
2021-10,4.5–6.5kW',3762920
2021-10,50–100kW',1034211
2021-10,6.5–9.5kW',4229777
2021-10,9.5–14kW',1908049
2021-10,<2.5kW',1331751
2021-11,'30+ Mw',7627829
2021-11,'5Mw–30Mw',723087
2021-11,100kW–5MW',716653
2021-11,14–25kW',739425
2021-11,2.5–4.5kW',2092943
2021-11,25–50kW',831921
2021-11,4.5–6.5kW',3784319
2021-11,50–100kW',1056071
2021-11,6.5–9.5kW',4347569
2021-11,9.5–14kW',1986664
2021-11,<2.5kW',1332642
2021-12,'30+ Mw',7830330
2021-12,'5Mw–30Mw',723087
2021-12,100kW–5MW',736216
2021-12,14–25kW',764862
2021-12,2.5–4.5kW',2098711
2021-12,25–50kW',857581
2021-12,4.5–6.5kW',3804479
2021-12,50–100kW',1094450
2021-12,6.5–9.5kW',4461387
2021-12,9.5–14kW',2076684
2021-12,<2.5kW',1333391
2022-01,'30+ Mw',7830330
2022-01,'5Mw–30Mw',723087
2022-01,100kW–5MW',738151
2022-01,14–25kW',771477
2022-01,2.5–4.5kW',2102160
2022-01,25–50kW',862422
2022-01,4.5–6.5kW',3817309
2022-01,50–100kW',1096915
2022-01,6.5–9.5kW',4528884
2022-01,9.5–14kW',2117289
2022-01,<2.5kW',1333703
2022-02,'30+ Mw',7830330
2022-02,'5Mw–30Mw',731537
2022-02,100kW–5MW',743985
2022-02,14–25kW',783554
2022-02,2.5–4.5kW',2107248
2022-02,25–50kW',871789
2022-02,4.5–6.5kW',3835310
2022-02,50–100kW',1103160
2022-02,6.5–9.5kW',4619423
2022-02,9.5–14kW',2178072
2022-02,<2.5kW',1334389
2022-03,'30+ Mw',7971836
2022-03,'5Mw–30Mw',744075
2022-03,100kW–5MW',749457
2022-03,14–25kW',796921
2022-03,2.5–4.5kW',2113017
2022-03,25–50kW',882231
2022-03,4.5–6.5kW',3853506
2022-03,50–100kW',1115718
2022-03,6.5–9.5kW',4715502
2022-03,9.5–14kW',2242902
2022-03,<2.5kW',1335202
2022-04,'30+ Mw',8495996
2022-04,'5Mw–30Mw',757695
2022-04,100kW–5MW',755225
2022-04,14–25kW',808882
2022-04,2.5–4.5kW',2117342
2022-04,25–50kW',891771
2022-04,4.5–6.5kW',3868337
2022-04,50–100kW',1126992
2022-04,6.5–9.5kW',4790767
2022-04,9.5–14kW',2297278
2022-04,<2.5kW',1336198
2022-05,'30+ Mw',8495996
2022-05,'5Mw–30Mw',757695
2022-05,100kW–5MW',762259
2022-05,14–25kW',822070
2022-05,2.5–4.5kW',2122580
2022-05,25–50kW',902064
2022-05,4.5–6.5kW',3885182
2022-05,50–100kW',1143159
2022-05,6.5–9.5kW',4873223
2022-05,9.5–14kW',2356240
2022-05,<2.5kW',1336999
2022-06,'30+ Mw',8495996
2022-06,'5Mw–30Mw',770718
2022-06,100kW–5MW',771992
2022-06,14–25kW',839535
2022-06,2.5–4.5kW',2127938
2022-06,25–50kW',914460
2022-06,4.5–6.5kW',3903840
2022-06,50–100kW',1157134
2022-06,6.5–9.5kW',4968751
2022-06,9.5–14kW',2427306
2022-06,<2.5kW',1337884
2022-07,'30+ Mw',8495996
2022-07,'5Mw–30Mw',770718
2022-07,100kW–5MW',777408
2022-07,14–25kW',854401
2022-07,2.5–4.5kW',2132940
2022-07,25–50kW',925251
2022-07,4.5–6.5kW',3922289
2022-07,50–100kW',1167895
2022-07,6.5–9.5kW',5065525
2022-07,9.5–14kW',2496149
2022-07,<2.5kW',1338701
2022-08,'30+ Mw',8495996
2022-08,'5Mw–30Mw',770718
2022-08,100kW–5MW',782713
2022-08,14–25kW',871495
2022-08,2.5–4.5kW',2138509
2022-08,25–50kW',937321
2022-08,4.5–6.5kW',3944200
2022-08,50–100kW',1182118
2022-08,6.5–9.5kW',5172558
2022-08,9.5–14kW',2579777
2022-08,<2.5kW',1339639
2022-09,'30+ Mw',9126026
2022-09,'5Mw–30Mw',782848
2022-09,100kW–5MW',790103
2022-09,14–25kW',887777
2022-09,2.5–4.5kW',2143704
2022-09,25–50kW',950167
2022-09,4.5–6.5kW',3964092
2022-09,50–100kW',1194348
2022-09,6.5–9.5kW',5269946
2022-09,9.5–14kW',2656502
2022-09,<2.5kW',1340481
2022-10,'30+ Mw',9235970
2022-10,'5Mw–30Mw',791656
2022-10,100kW–5MW',807237
2022-10,14–25kW',905441
2022-10,2.5–4.5kW',2148459
2022-10,25–50kW',963137
2022-10,4.5–6.5kW',3982835
2022-10,50–100kW',1210566
2022-10,6.5–9.5kW',5359670
2022-10,9.5–14kW',2729472
2022-10,<2.5kW',1341273
2022-11,'30+ Mw',9235970
2022-11,'5Mw–30Mw',791656
2022-11,100kW–5MW',824857
2022-11,14–25kW',928127
2022-11,2.5–4.5kW',2153876
2022-11,25–50kW',979098
2022-11,4.5–6.5kW',4004755
2022-11,50–100kW',1229135
2022-11,6.5–9.5kW',5474231
2022-11,9.5–14kW',2829878
2022-11,<2.5kW',1342195
2022-12,'30+ Mw',9481445
2022-12,'5Mw–30Mw',804950
2022-12,100kW–5MW',834323
2022-12,14–25kW',958097
2022-12,2.5–4.5kW',2158263
2022-12,25–50kW',1004280
2022-12,4.5–6.5kW',4023255
2022-12,50–100kW',1269149
2022-12,6.5–9.5kW',5581149
2022-12,9.5–14kW',2930400
2022-12,<2.5kW',1342876
2023-01,'30+ Mw',9481445
2023-01,'5Mw–30Mw',804950
2023-01,100kW–5MW',837877
2023-01,14–25kW',966791
2023-01,2.5–4.5kW',2161415
2023-01,25–50kW',1010020
2023-01,4.5–6.5kW',4036892
2023-01,50–100kW',1273207
2023-01,6.5–9.5kW',5659004
2023-01,9.5–14kW',2989262
2023-01,<2.5kW',1343463
2023-02,'30+ Mw',9786294
2023-02,'5Mw–30Mw',829319
2023-02,100kW–5MW',848961
2023-02,14–25kW',982631
2023-02,2.5–4.5kW',2165967
2023-02,25–50kW',1021449
2023-02,4.5–6.5kW',4054805
2023-02,50–100kW',1282886
2023-02,6.5–9.5kW',5754887
2023-02,9.5–14kW',3068782
2023-02,<2.5kW',1344309
2023-03,'30+ Mw',9786294
2023-03,'5Mw–30Mw',829319
2023-03,100kW–5MW',866743
2023-03,14–25kW',1001657
2023-03,2.5–4.5kW',2170480
2023-03,25–50kW',1033887
2023-03,4.5–6.5kW',4072066
2023-03,50–100kW',1295070
2023-03,6.5–9.5kW',5853538
2023-03,9.5–14kW',3152607
2023-03,<2.5kW',1345224
2023-04,'30+ Mw',9786294
2023-04,'5Mw–30Mw',829319
2023-04,100kW–5MW',875899
2023-04,14–25kW',1016400
2023-04,2.5–4.5kW',2174342
2023-04,25–50kW',1046270
2023-04,4.5–6.5kW',4085571
2023-04,50–100kW',1304905
2023-04,6.5–9.5kW',5929652
2023-04,9.5–14kW',3220575
2023-04,<2.5kW',1345925
2023-05,'30+ Mw',10028426
2023-05,'5Mw–30Mw',845534
2023-05,100kW–5MW',896130
2023-05,14–25kW',1036678
2023-05,2.5–4.5kW',2179202
2023-05,25–50kW',1061920
2023-05,4.5–6.5kW',4102925
2023-05,50–100kW',1322823
2023-05,6.5–9.5kW',6023771
2023-05,9.5–14kW',3309295
2023-05,<2.5kW',1346837
2023-06,'30+ Mw',10028426
2023-06,'5Mw–30Mw',859572
2023-06,100kW–5MW',915633
2023-06,14–25kW',1057575
2023-06,2.5–4.5kW',2183838
2023-06,25–50kW',1079932
2023-06,4.5–6.5kW',4118558
2023-06,50–100kW',1341384
2023-06,6.5–9.5kW',6112329
2023-06,9.5–14kW',3395188
2023-06,<2.5kW',1347692
2023-07,'30+ Mw',10146299
2023-07,'5Mw–30Mw',859572
2023-07,100kW–5MW',943826
2023-07,14–25kW',1077563
2023-07,2.5–4.5kW',2188046
2023-07,25–50kW',1095042
2023-07,4.5–6.5kW',4133604
2023-07,50–100kW',1356693
2023-07,6.5–9.5kW',6205651
2023-07,9.5–14kW',3489334
2023-07,<2.5kW',1348469
2023-08,'30+ Mw',10146299
2023-08,'5Mw–30Mw',930874
2023-08,100kW–5MW',950493
2023-08,14–25kW',1100409
2023-08,2.5–4.5kW',2192800
2023-08,25–50kW',1111173
2023-08,4.5–6.5kW',4150258
2023-08,50–100kW',1371486
2023-08,6.5–9.5kW',6308101
2023-08,9.5–14kW',3595152
2023-08,<2.5kW',1349350
2023-09,'30+ Mw',10146299
2023-09,'5Mw–30Mw',936862
2023-09,100kW–5MW',971535
2023-09,14–25kW',1123011
2023-09,2.5–4.5kW',2197005
2023-09,25–50kW',1125653
2023-09,4.5–6.5kW',4164097
2023-09,50–100kW',1388438
2023-09,6.5–9.5kW',6401476
2023-09,9.5–14kW',3696629
2023-09,<2.5kW',1350038
2023-10,'30+ Mw',10146299
2023-10,'5Mw–30Mw',963340
2023-10,100kW–5MW',986093
2023-10,14–25kW',1145695
2023-10,2.5–4.5kW',2201232
2023-10,25–50kW',1141454
2023-10,4.5–6.5kW',4177391
2023-10,50–100kW',1402909
2023-10,6.5–9.5kW',6498883
2023-10,9.5–14kW',3804253
2023-10,<2.5kW',1350756
2023-11,'30+ Mw',10229474
2023-11,'5Mw–30Mw',975274
2023-11,100kW–5MW',1004704
2023-11,14–25kW',1172518
2023-11,2.5–4.5kW',2205611
2023-11,25–50kW',1160480
2023-11,4.5–6.5kW',4190957
2023-11,50–100kW',1420333
2023-11,6.5–9.5kW',6599599
2023-11,9.5–14kW',3924308
2023-11,<2.5kW',1351433
2023-12,'30+ Mw',10359476
2023-12,'5Mw–30Mw',1003679
2023-12,100kW–5MW',1016412
2023-12,14–25kW',1206929
2023-12,2.5–4.5kW',2209389
2023-12,25–50kW',1187541
2023-12,4.5–6.5kW',4202763
2023-12,50–100kW',1451528
2023-12,6.5–9.5kW',6690854
2023-12,9.5–14kW',4042329
2023-12,<2.5kW',1351920
2024-01,'30+ Mw',10359476
2024-01,'5Mw–30Mw',1023253
2024-01,100kW–5MW',1031784
2024-01,14–25kW',1219250
2024-01,2.5–4.5kW',2212317
2024-01,25–50kW',1193699
2024-01,4.5–6.5kW',4211577
2024-01,50–100kW',1454851
2024-01,6.5–9.5kW',6759823
2024-01,9.5–14kW',4115688
2024-01,<2.5kW',1352348
2024-02,'30+ Mw',10359476
2024-02,'5Mw–30Mw',1052672
2024-02,100kW–5MW',1039778
2024-02,14–25kW',1238351
2024-02,2.5–4.5kW',2216465
2024-02,25–50kW',1205482
2024-02,4.5–6.5kW',4222685
2024-02,50–100kW',1461631
2024-02,6.5–9.5kW',6848377
2024-02,9.5–14kW',4217683
2024-02,<2.5kW',1352974
2024-03,'30+ Mw',10784544
2024-03,'5Mw–30Mw',1052672
2024-03,100kW–5MW',1046060
2024-03,14–25kW',1259711
2024-03,2.5–4.5kW',2220432
2024-03,25–50kW',1217754
2024-03,4.5–6.5kW',4232805
2024-03,50–100kW',1470359
2024-03,6.5–9.5kW',6927539
2024-03,9.5–14kW',4315399
2024-03,<2.5kW',1353471
2024-04,'30+ Mw',10784544
2024-04,'5Mw–30Mw',1052672
2024-04,100kW–5MW',1057810
2024-04,14–25kW',1280537
2024-04,2.5–4.5kW',2224729
2024-04,25–50kW',1229807
2024-04,4.5–6.5kW',4243182
2024-04,50–100kW',1474081
2024-04,6.5–9.5kW',7004164
2024-04,9.5–14kW',4413829
2024-04,<2.5kW',1353980
2024-05,'30+ Mw',10874643
2024-05,'5Mw–30Mw',1052672
2024-05,100kW–5MW',1066626
2024-05,14–25kW',1303057
2024-05,2.5–4.5kW',2229053
2024-05,25–50kW',1243621
2024-05,4.5–6.5kW',4253799
2024-05,50–100kW',1476556
2024-05,6.5–9.5kW',7082089
2024-05,9.5–14kW',4513168
2024-05,<2.5kW',1354477
2024-06,'30+ Mw',10874643
2024-06,'5Mw–30Mw',1052672
2024-06,100kW–5MW',1070401
2024-06,14–25kW',1315391
2024-06,2.5–4.5kW',2231288
2024-06,25–50kW',1250362
2024-06,4.5–6.5kW',4259445
2024-06,50–100kW',1476855
2024-06,6.5–9.5kW',7122004
2024-06,9.5–14kW',4569473
2024-06,<2.5kW',1354696
